"統計名：","国民医療費"
"表番号：","17"
"表題：","国民医療費・人口一人当たり国民医療費，診療種類・都道府県別"
"実施年月：","-","-"
"市区町村時点（年月日）：","-"

"***","統計項目のあり得ない場合"
"-","計数のない場合"
"-0.0"," "
"…","計数不明又は計数を表章することが不適当な場合"

"","","","","/国民医療費・人口一人当たり国民医療費、診療種類 補助コード","-","-","-","-","-","-","-","-","-","-","-"
"時間軸（年度次） 補助コード","時間軸（年度次）","都道府県 補助コード","都道府県","/国民医療費・人口一人当たり国民医療費、診療種類","国民医療費_総数【億円】","国民医療費_医科診療医療費【億円】","国民医療費_医科診療医療費_入院【億円】","国民医療費_医科診療医療費_入院外【億円】","国民医療費_歯科診療医療費【億円】","国民医療費_薬局調剤医療費【億円】","国民医療費_入院時食事・生活医療費【億円】","国民医療費_訪問看護医療費【億円】","国民医療費_療養費等【億円】","人口一人当たり国民医療費【千円】","総人口【千人】"
"","2022年度","","全国","","466,967","338,255","173,524","164,731","32,275","79,903","7,290","4,633","4,610","373.7","124,947"
"","2022年度","","北海道","","22,236","16,355","9,474","6,881","1,318","3,835","424","148","155","432.6","5,140"
"","2022年度","","青森県","","4,448","3,147","1,629","1,518","246","921","73","36","24","369.4","1,204"
"","2022年度","","岩手県","","4,268","3,000","1,571","1,429","268","865","76","33","25","361.4","1,181"
"","2022年度","","宮城県","","7,922","5,641","2,790","2,851","520","1,534","111","62","55","347.5","2,280"
"","2022年度","","秋田県","","3,730","2,618","1,460","1,158","228","777","66","16","24","401.0","930"
"","2022年度","","山形県","","3,968","2,876","1,513","1,362","251","724","68","27","22","381.2","1,041"
"","2022年度","","福島県","","6,389","4,613","2,340","2,273","401","1,192","101","32","50","356.9","1,790"
"","2022年度","","茨城県","","9,641","6,873","3,381","3,491","632","1,880","133","64","59","339.5","2,840"
"","2022年度","","栃木県","","6,616","4,867","2,334","2,533","430","1,123","96","43","58","346.6","1,909"
"","2022年度","","群馬県","","6,815","5,087","2,573","2,514","432","1,071","111","58","55","356.2","1,913"
"","2022年度","","埼玉県","","24,358","17,316","8,417","8,900","1,777","4,461","312","218","275","332.0","7,337"
"","2022年度","","千葉県","","20,936","14,922","7,404","7,518","1,603","3,773","276","166","196","334.1","6,266"
"","2022年度","","東京都","","48,224","34,148","15,956","18,192","3,647","8,720","572","521","618","343.5","14,038"
"","2022年度","","神奈川県","","31,244","21,659","10,372","11,287","2,494","6,061","361","315","353","338.4","9,232"
"","2022年度","","新潟県","","7,377","5,272","2,768","2,504","507","1,376","126","43","53","342.6","2,153"
"","2022年度","","富山県","","3,851","2,879","1,616","1,263","223","613","71","26","38","378.7","1,017"
"","2022年度","","石川県","","4,234","3,154","1,724","1,430","231","677","79","61","31","378.7","1,118"
"","2022年度","","福井県","","2,803","2,149","1,142","1,008","155","406","51","25","18","372.3","753"
"","2022年度","","山梨県","","2,973","2,156","1,119","1,037","189","530","50","19","29","370.7","802"
"","2022年度","","長野県","","7,315","5,291","2,783","2,508","463","1,335","112","47","67","362.1","2,020"
"","2022年度","","岐阜県","","7,163","5,167","2,475","2,692","541","1,199","96","90","70","368.1","1,946"
"","2022年度","","静岡県","","12,595","9,206","4,346","4,860","822","2,206","173","93","95","351.6","3,582"
"","2022年度","","愛知県","","26,093","18,761","8,499","10,262","2,149","4,209","314","399","261","348.1","7,495"
"","2022年度","","三重県","","6,350","4,641","2,293","2,348","415","1,091","96","62","45","364.5","1,742"
"","2022年度","","滋賀県","","4,773","3,438","1,792","1,646","318","871","69","36","41","338.8","1,409"
"","2022年度","","京都府","","10,027","7,404","3,916","3,488","647","1,573","153","105","144","393.2","2,550"
"","2022年度","","大阪府","","36,082","25,843","13,139","12,704","2,859","5,576","506","609","689","410.9","8,782"
"","2022年度","","兵庫県","","21,634","15,648","8,006","7,642","1,535","3,677","323","226","224","400.5","5,402"
"","2022年度","","奈良県","","5,123","3,891","1,923","1,968","347","704","75","56","49","392.2","1,306"
"","2022年度","","和歌山県","","3,822","2,846","1,471","1,376","226","573","64","56","56","423.2","903"
"","2022年度","","鳥取県","","2,082","1,542","879","664","127","347","38","19","9","382.7","544"
"","2022年度","","島根県","","2,718","1,995","1,130","865","151","493","52","18","9","413.1","658"
"","2022年度","","岡山県","","7,412","5,653","2,968","2,685","523","1,029","127","49","32","398.1","1,862"
"","2022年度","","広島県","","10,962","7,973","4,130","3,842","761","1,867","189","98","74","397.2","2,760"
"","2022年度","","山口県","","5,779","4,275","2,473","1,802","341","960","130","40","33","440.1","1,313"
"","2022年度","","徳島県","","3,157","2,386","1,310","1,075","199","449","68","28","27","448.4","704"
"","2022年度","","香川県","","3,946","2,861","1,471","1,390","266","686","68","38","27","422.5","934"
"","2022年度","","愛媛県","","5,370","4,034","2,141","1,894","314","826","102","56","38","411.2","1,306"
"","2022年度","","高知県","","3,238","2,455","1,546","909","159","496","83","26","19","478.9","676"
"","2022年度","","福岡県","","21,203","15,560","8,787","6,774","1,456","3,315","433","251","189","414.5","5,116"
"","2022年度","","佐賀県","","3,561","2,649","1,494","1,155","202","577","77","29","27","444.6","801"
"","2022年度","","長崎県","","5,749","4,248","2,526","1,722","337","941","133","34","55","448.1","1,283"
"","2022年度","","熊本県","","7,434","5,655","3,250","2,404","434","1,059","176","61","48","432.7","1,718"
"","2022年度","","大分県","","4,916","3,695","2,115","1,580","243","800","106","42","30","444.1","1,107"
"","2022年度","","宮崎県","","4,191","3,085","1,652","1,433","241","706","91","39","30","398.4","1,052"
"","2022年度","","鹿児島県","","7,136","5,477","3,221","2,256","359","1,014","178","52","55","456.5","1,563"
"","2022年度","","沖縄県","","5,106","3,844","2,203","1,641","289","787","100","58","28","347.8","1,468"
"","2021年度","","全国","","450,359","324,025","168,551","155,474","31,479","78,794","7,407","3,929","4,725","358.8","125,502"
"","2021年度","","北海道","","21,716","15,902","9,313","6,589","1,288","3,807","435","128","157","419.0","5,183"
"","2021年度","","青森県","","4,416","3,115","1,641","1,474","245","923","76","31","26","361.7","1,221"
"","2021年度","","岩手県","","4,193","2,930","1,572","1,358","268","860","79","30","26","350.6","1,196"
"","2021年度","","宮城県","","7,673","5,437","2,739","2,698","507","1,507","113","50","59","335.1","2,290"
"","2021年度","","秋田県","","3,685","2,566","1,453","1,113","225","786","69","13","25","390.0","945"
"","2021年度","","山形県","","3,864","2,780","1,477","1,304","248","718","69","24","25","366.3","1,055"
"","2021年度","","福島県","","6,238","4,462","2,285","2,178","396","1,198","103","27","52","344.2","1,812"
"","2021年度","","茨城県","","9,351","6,628","3,311","3,317","623","1,850","136","53","61","327.9","2,852"
"","2021年度","","栃木県","","6,421","4,707","2,290","2,417","421","1,097","97","38","61","334.3","1,921"
"","2021年度","","群馬県","","6,547","4,862","2,478","2,384","419","1,047","112","48","58","339.8","1,927"
"","2021年度","","埼玉県","","23,351","16,481","8,071","8,410","1,735","4,359","312","180","284","318.1","7,340"
"","2021年度","","千葉県","","20,116","14,263","7,197","7,066","1,554","3,687","278","132","202","320.6","6,275"
"","2021年度","","東京都","","46,155","32,423","15,360","17,063","3,546","8,533","578","449","627","329.4","14,010"
"","2021年度","","神奈川県","","29,956","20,591","9,979","10,612","2,423","5,956","364","266","356","324.3","9,236"
"","2021年度","","新潟県","","7,176","5,080","2,679","2,402","502","1,375","127","37","54","329.6","2,177"
"","2021年度","","富山県","","3,738","2,780","1,577","1,203","217","605","72","22","41","364.6","1,025"
"","2021年度","","石川県","","4,070","3,012","1,679","1,333","226","665","81","53","34","361.8","1,125"
"","2021年度","","福井県","","2,719","2,077","1,128","949","153","394","53","24","18","357.7","760"
"","2021年度","","山梨県","","2,863","2,051","1,074","977","188","527","51","17","31","355.7","805"
"","2021年度","","長野県","","7,081","5,081","2,737","2,345","452","1,323","115","40","70","348.3","2,033"
"","2021年度","","岐阜県","","6,906","4,950","2,428","2,522","530","1,180","98","75","74","352.2","1,961"
"","2021年度","","静岡県","","12,176","8,845","4,262","4,583","807","2,181","176","69","99","337.5","3,608"
"","2021年度","","愛知県","","24,901","17,805","8,225","9,580","2,079","4,096","316","341","263","331.3","7,517"
"","2021年度","","三重県","","6,091","4,427","2,218","2,209","405","1,063","97","54","45","346.9","1,756"
"","2021年度","","滋賀県","","4,539","3,233","1,712","1,521","308","855","69","33","42","321.7","1,411"
"","2021年度","","京都府","","9,627","7,056","3,740","3,315","627","1,556","154","88","147","375.9","2,561"
"","2021年度","","大阪府","","34,501","24,542","12,557","11,985","2,767","5,480","511","499","701","391.8","8,806"
"","2021年度","","兵庫県","","20,797","14,920","7,692","7,228","1,487","3,650","324","191","225","382.9","5,432"
"","2021年度","","奈良県","","4,912","3,705","1,840","1,865","336","696","76","48","51","373.5","1,315"
"","2021年度","","和歌山県","","3,713","2,752","1,439","1,313","222","563","66","51","59","406.2","914"
"","2021年度","","鳥取県","","2,044","1,509","869","639","123","347","39","17","9","372.3","549"
"","2021年度","","島根県","","2,669","1,947","1,120","827","149","493","54","17","10","401.4","665"
"","2021年度","","岡山県","","7,175","5,439","2,893","2,545","510","1,020","130","44","32","382.5","1,876"
"","2021年度","","広島県","","10,597","7,647","4,023","3,625","744","1,853","192","85","76","381.2","2,780"
"","2021年度","","山口県","","5,606","4,111","2,396","1,715","336","956","132","38","33","422.1","1,328"
"","2021年度","","徳島県","","3,084","2,326","1,299","1,028","194","441","70","26","28","433.2","712"
"","2021年度","","香川県","","3,842","2,781","1,456","1,325","262","672","69","32","27","407.9","942"
"","2021年度","","愛媛県","","5,250","3,905","2,106","1,800","310","842","104","49","40","397.5","1,321"
"","2021年度","","高知県","","3,224","2,423","1,545","878","158","514","87","21","20","471.3","684"
"","2021年度","","福岡県","","20,434","14,897","8,578","6,319","1,418","3,270","441","215","193","398.8","5,124"
"","2021年度","","佐賀県","","3,400","2,492","1,416","1,076","202","573","77","27","29","421.8","806"
"","2021年度","","長崎県","","5,623","4,117","2,482","1,635","336","947","137","30","57","433.5","1,297"
"","2021年度","","熊本県","","7,201","5,429","3,165","2,264","424","1,067","180","52","49","416.7","1,728"
"","2021年度","","大分県","","4,801","3,588","2,103","1,485","238","797","109","37","31","431.0","1,114"
"","2021年度","","宮崎県","","4,070","2,977","1,635","1,342","239","695","93","35","30","383.6","1,061"
"","2021年度","","鹿児島県","","6,940","5,294","3,171","2,123","355","1,003","182","47","58","440.4","1,576"
"","2021年度","","沖縄県","","4,905","3,680","2,144","1,536","278","770","101","46","30","334.1","1,468"
"","2020年度","","全国","","429,665","307,813","163,353","144,460","30,022","76,480","7,494","3,254","4,602","340.6","126,146"
"","2020年度","","北海道","","21,098","15,389","9,155","6,234","1,266","3,743","444","102","153","403.8","5,225"
"","2020年度","","青森県","","4,344","3,051","1,626","1,425","246","916","78","26","26","350.9","1,238"
"","2020年度","","岩手県","","4,083","2,833","1,527","1,306","266","856","79","24","26","337.2","1,211"
"","2020年度","","宮城県","","7,365","5,198","2,669","2,529","491","1,464","114","41","58","319.9","2,302"
"","2020年度","","秋田県","","3,631","2,515","1,435","1,080","225","785","70","10","25","378.2","960"
"","2020年度","","山形県","","3,725","2,665","1,434","1,230","238","709","69","19","25","348.8","1,068"
"","2020年度","","福島県","","6,108","4,347","2,282","2,066","387","1,194","106","22","51","333.2","1,833"
"","2020年度","","茨城県","","8,934","6,307","3,231","3,076","598","1,786","137","44","62","311.6","2,867"
"","2020年度","","栃木県","","6,132","4,467","2,199","2,268","405","1,069","98","32","61","317.2","1,933"
"","2020年度","","群馬県","","6,237","4,613","2,383","2,230","405","1,010","112","39","58","321.7","1,939"
"","2020年度","","埼玉県","","21,903","15,348","7,740","7,607","1,631","4,193","314","144","274","298.2","7,345"
"","2020年度","","千葉県","","18,835","13,256","6,832","6,424","1,460","3,545","277","105","193","299.7","6,284"
"","2020年度","","東京都","","42,972","29,851","14,537","15,314","3,313","8,245","580","379","605","305.9","14,048"
"","2020年度","","神奈川県","","27,925","19,024","9,427","9,596","2,260","5,724","365","214","339","302.3","9,237"
"","2020年度","","新潟県","","6,997","4,944","2,636","2,308","488","1,350","129","32","55","317.9","2,201"
"","2020年度","","富山県","","3,573","2,667","1,523","1,144","206","569","73","19","40","345.3","1,035"
"","2020年度","","石川県","","3,932","2,900","1,653","1,246","218","651","83","46","34","347.0","1,133"
"","2020年度","","福井県","","2,600","1,980","1,086","894","147","380","53","23","18","338.9","767"
"","2020年度","","山梨県","","2,727","1,938","1,024","914","179","516","50","15","30","336.7","810"
"","2020年度","","長野県","","6,796","4,859","2,647","2,212","434","1,287","114","33","69","331.8","2,048"
"","2020年度","","岐阜県","","6,566","4,678","2,307","2,371","505","1,151","98","61","73","331.8","1,979"
"","2020年度","","静岡県","","11,630","8,401","4,093","4,308","777","2,130","175","51","96","320.1","3,633"
"","2020年度","","愛知県","","23,524","16,720","7,875","8,845","1,975","3,974","318","285","252","311.9","7,542"
"","2020年度","","三重県","","5,864","4,253","2,156","2,097","391","1,032","99","44","45","331.3","1,770"
"","2020年度","","滋賀県","","4,337","3,079","1,664","1,416","294","824","71","29","40","306.7","1,414"
"","2020年度","","京都府","","9,161","6,696","3,609","3,087","597","1,495","157","73","144","355.4","2,578"
"","2020年度","","大阪府","","32,991","23,450","12,328","11,123","2,633","5,275","531","408","694","373.3","8,838"
"","2020年度","","兵庫県","","19,787","14,146","7,444","6,702","1,415","3,521","330","159","216","362.1","5,465"
"","2020年度","","奈良県","","4,708","3,538","1,794","1,744","323","677","77","42","50","355.6","1,324"
"","2020年度","","和歌山県","","3,599","2,669","1,411","1,259","215","549","66","42","58","390.0","923"
"","2020年度","","鳥取県","","1,984","1,460","847","613","121","340","39","15","9","358.7","553"
"","2020年度","","島根県","","2,595","1,893","1,099","795","143","480","54","15","10","386.8","671"
"","2020年度","","岡山県","","6,948","5,248","2,831","2,417","493","1,003","131","39","33","368.0","1,888"
"","2020年度","","広島県","","10,271","7,398","3,960","3,438","720","1,811","196","71","75","366.8","2,800"
"","2020年度","","山口県","","5,467","4,001","2,371","1,629","326","940","134","33","33","407.4","1,342"
"","2020年度","","徳島県","","3,030","2,283","1,289","994","190","434","72","23","28","420.9","720"
"","2020年度","","香川県","","3,687","2,653","1,407","1,247","252","660","69","27","27","388.1","950"
"","2020年度","","愛媛県","","5,148","3,840","2,094","1,746","300","822","107","43","37","385.6","1,335"
"","2020年度","","高知県","","3,166","2,380","1,530","850","154","506","88","18","20","457.6","692"
"","2020年度","","福岡県","","19,415","14,129","8,297","5,832","1,333","3,148","444","178","183","378.1","5,135"
"","2020年度","","佐賀県","","3,286","2,401","1,384","1,017","196","562","78","22","28","405.2","811"
"","2020年度","","長崎県","","5,523","4,047","2,477","1,570","327","930","140","24","54","421.0","1,312"
"","2020年度","","熊本県","","6,972","5,260","3,110","2,150","401","1,039","183","43","46","401.1","1,738"
"","2020年度","","大分県","","4,655","3,476","2,070","1,406","231","774","111","32","31","414.1","1,124"
"","2020年度","","宮崎県","","3,958","2,891","1,603","1,287","233","678","94","31","30","369.9","1,070"
"","2020年度","","鹿児島県","","6,776","5,159","3,140","2,018","344","989","186","41","58","426.7","1,588"
"","2020年度","","沖縄県","","4,698","3,515","2,118","1,397","271","746","104","36","28","320.3","1,467"
"","2019年度","","全国","","443,895","319,583","168,992","150,591","30,150","78,411","7,901","2,727","5,124","351.8","126,167"
"","2019年度","","北海道","","21,799","16,029","9,594","6,435","1,275","3,768","472","84","171","415.2","5,250"
"","2019年度","","青森県","","4,500","3,164","1,660","1,504","246","960","81","21","27","361.1","1,246"
"","2019年度","","岩手県","","4,189","2,919","1,553","1,366","263","880","82","20","26","341.4","1,227"
"","2019年度","","宮城県","","7,584","5,373","2,750","2,622","485","1,508","120","35","62","328.9","2,306"
"","2019年度","","秋田県","","3,727","2,586","1,463","1,123","225","810","73","9","25","385.9","966"
"","2019年度","","山形県","","3,886","2,804","1,514","1,290","234","732","74","16","26","360.5","1,078"
"","2019年度","","福島県","","6,337","4,533","2,380","2,153","378","1,239","113","20","55","343.3","1,846"
"","2019年度","","茨城県","","9,238","6,516","3,304","3,213","619","1,856","144","34","68","323.0","2,860"
"","2019年度","","栃木県","","6,266","4,623","2,249","2,374","401","1,048","103","26","66","324.0","1,934"
"","2019年度","","群馬県","","6,392","4,763","2,454","2,309","396","1,020","117","32","64","329.1","1,942"
"","2019年度","","埼玉県","","22,854","16,054","8,062","7,992","1,680","4,359","333","118","310","310.9","7,350"
"","2019年度","","千葉県","","19,307","13,593","6,933","6,660","1,443","3,673","289","88","221","308.5","6,259"
"","2019年度","","東京都","","44,571","30,936","15,134","15,803","3,469","8,533","619","308","706","320.2","13,921"
"","2019年度","","神奈川県","","28,889","19,866","9,858","10,008","2,183","5,890","385","172","392","314.1","9,198"
"","2019年度","","新潟県","","7,242","5,130","2,709","2,421","495","1,399","135","26","58","325.8","2,223"
"","2019年度","","富山県","","3,708","2,795","1,582","1,212","207","570","76","16","43","355.1","1,044"
"","2019年度","","石川県","","4,107","3,059","1,743","1,316","222","661","88","39","37","360.9","1,138"
"","2019年度","","福井県","","2,733","2,100","1,147","952","151","385","56","21","20","355.9","768"
"","2019年度","","山梨県","","2,826","2,017","1,076","941","181","530","53","13","32","348.5","811"
"","2019年度","","長野県","","6,978","5,014","2,706","2,308","427","1,315","119","29","75","340.6","2,049"
"","2019年度","","岐阜県","","6,816","4,885","2,400","2,485","510","1,189","104","49","79","343.0","1,987"
"","2019年度","","静岡県","","11,977","8,662","4,208","4,453","774","2,208","187","42","104","328.7","3,644"
"","2019年度","","愛知県","","23,964","17,166","8,074","9,093","1,938","4,007","332","236","285","317.3","7,552"
"","2019年度","","三重県","","6,136","4,499","2,271","2,228","393","1,053","105","38","48","344.5","1,781"
"","2019年度","","滋賀県","","4,503","3,237","1,745","1,492","286","835","75","25","44","318.5","1,414"
"","2019年度","","京都府","","9,514","6,988","3,757","3,230","630","1,507","168","62","159","368.3","2,583"
"","2019年度","","大阪府","","33,956","24,312","12,747","11,565","2,642","5,341","562","340","759","385.5","8,809"
"","2019年度","","兵庫県","","20,530","14,780","7,753","7,027","1,422","3,605","348","136","238","375.6","5,466"
"","2019年度","","奈良県","","4,926","3,732","1,909","1,822","324","694","84","37","55","370.4","1,330"
"","2019年度","","和歌山県","","3,722","2,767","1,453","1,314","228","559","70","35","62","402.4","925"
"","2019年度","","鳥取県","","2,050","1,516","870","645","120","351","41","13","10","368.7","556"
"","2019年度","","島根県","","2,677","1,961","1,135","826","142","493","57","14","11","397.1","674"
"","2019年度","","岡山県","","7,178","5,456","2,929","2,528","481","1,033","137","34","35","379.8","1,890"
"","2019年度","","広島県","","10,544","7,608","4,023","3,585","734","1,857","203","60","82","376.0","2,804"
"","2019年度","","山口県","","5,684","4,182","2,464","1,718","318","978","142","28","36","418.5","1,358"
"","2019年度","","徳島県","","3,105","2,352","1,303","1,049","190","438","74","21","29","426.5","728"
"","2019年度","","香川県","","3,823","2,771","1,479","1,293","254","671","74","23","30","399.9","956"
"","2019年度","","愛媛県","","5,335","4,019","2,180","1,839","297","828","113","37","41","398.5","1,339"
"","2019年度","","高知県","","3,236","2,440","1,552","889","157","511","91","16","21","463.7","698"
"","2019年度","","福岡県","","20,134","14,710","8,565","6,145","1,360","3,237","463","153","211","394.5","5,104"
"","2019年度","","佐賀県","","3,394","2,485","1,417","1,069","188","592","81","18","29","416.4","815"
"","2019年度","","長崎県","","5,754","4,242","2,577","1,665","325","959","147","22","60","433.6","1,327"
"","2019年度","","熊本県","","7,163","5,443","3,162","2,281","385","1,059","190","37","50","409.8","1,748"
"","2019年度","","大分県","","4,751","3,555","2,107","1,448","231","785","116","29","34","418.6","1,135"
"","2019年度","","宮崎県","","4,093","3,009","1,675","1,334","227","698","99","27","32","381.4","1,073"
"","2019年度","","鹿児島県","","6,943","5,291","3,198","2,093","339","1,018","197","35","63","433.4","1,602"
"","2019年度","","沖縄県","","4,854","3,639","2,169","1,470","274","768","108","32","33","334.1","1,453"
"","2018年度","","全国","","433,949","313,251","165,535","147,716","29,579","75,687","7,917","2,355","5,158","343.2","126,443"
"","2018年度","","北海道","","21,443","15,754","9,461","6,293","1,257","3,711","477","75","169","405.7","5,286"
"","2018年度","","青森県","","4,453","3,139","1,655","1,484","244","941","83","19","27","352.6","1,263"
"","2018年度","","岩手県","","4,152","2,903","1,550","1,352","264","857","83","18","26","334.5","1,241"
"","2018年度","","宮城県","","7,426","5,270","2,686","2,584","481","1,459","122","32","63","320.6","2,316"
"","2018年度","","秋田県","","3,681","2,559","1,449","1,111","221","793","74","8","26","375.2","981"
"","2018年度","","山形県","","3,839","2,783","1,504","1,279","231","710","75","13","27","352.2","1,090"
"","2018年度","","福島県","","6,244","4,469","2,336","2,133","375","1,213","113","18","56","335.0","1,864"
"","2018年度","","茨城県","","9,018","6,378","3,226","3,152","614","1,782","145","29","69","313.4","2,877"
"","2018年度","","栃木県","","6,120","4,514","2,194","2,320","395","1,021","103","21","66","314.5","1,946"
"","2018年度","","群馬県","","6,298","4,706","2,427","2,280","389","992","119","29","64","322.7","1,952"
"","2018年度","","埼玉県","","22,188","15,605","7,801","7,803","1,649","4,193","329","99","313","302.7","7,330"
"","2018年度","","千葉県","","18,813","13,297","6,762","6,535","1,419","3,510","287","76","223","300.8","6,255"
"","2018年度","","東京都","","43,407","30,111","14,719","15,391","3,420","8,271","617","269","719","314.0","13,822"
"","2018年度","","神奈川県","","28,081","19,376","9,600","9,776","2,136","5,647","384","142","396","306.0","9,177"
"","2018年度","","新潟県","","7,133","5,066","2,670","2,396","491","1,362","135","22","57","317.6","2,246"
"","2018年度","","富山県","","3,625","2,743","1,551","1,192","205","543","77","14","43","345.3","1,050"
"","2018年度","","石川県","","4,043","3,022","1,718","1,304","220","642","89","32","37","353.7","1,143"
"","2018年度","","福井県","","2,689","2,080","1,133","947","149","365","57","19","20","347.4","774"
"","2018年度","","山梨県","","2,778","1,977","1,057","920","178","526","53","11","32","340.0","817"
"","2018年度","","長野県","","6,838","4,928","2,665","2,262","419","1,272","119","26","75","331.5","2,063"
"","2018年度","","岐阜県","","6,710","4,835","2,387","2,449","494","1,152","106","42","81","336.0","1,997"
"","2018年度","","静岡県","","11,716","8,490","4,128","4,362","755","2,145","185","36","105","320.2","3,659"
"","2018年度","","愛知県","","23,343","16,773","7,887","8,886","1,890","3,867","331","196","286","309.7","7,537"
"","2018年度","","三重県","","6,011","4,430","2,231","2,200","385","1,006","106","35","49","335.7","1,791"
"","2018年度","","滋賀県","","4,371","3,157","1,695","1,462","279","794","75","22","44","309.5","1,412"
"","2018年度","","京都府","","9,274","6,853","3,677","3,176","610","1,432","168","54","158","357.9","2,591"
"","2018年度","","大阪府","","33,016","23,719","12,380","11,339","2,572","5,110","560","286","770","374.6","8,813"
"","2018年度","","兵庫県","","20,034","14,471","7,587","6,884","1,387","3,476","341","120","238","365.3","5,484"
"","2018年度","","奈良県","","4,806","3,647","1,874","1,773","318","668","84","33","56","358.9","1,339"
"","2018年度","","和歌山県","","3,621","2,699","1,396","1,303","224","533","70","32","64","387.3","935"
"","2018年度","","鳥取県","","2,018","1,494","860","634","119","342","42","11","10","360.3","560"
"","2018年度","","島根県","","2,616","1,922","1,111","811","140","474","57","13","11","384.7","680"
"","2018年度","","岡山県","","7,008","5,339","2,863","2,476","469","995","138","30","36","369.2","1,898"
"","2018年度","","広島県","","10,354","7,493","3,968","3,526","719","1,800","205","55","82","367.5","2,817"
"","2018年度","","山口県","","5,602","4,137","2,435","1,701","315","947","143","25","36","408.9","1,370"
"","2018年度","","徳島県","","3,047","2,316","1,280","1,036","187","423","74","19","29","413.9","736"
"","2018年度","","香川県","","3,746","2,731","1,454","1,276","247","645","74","19","30","389.4","962"
"","2018年度","","愛媛県","","5,215","3,943","2,134","1,809","291","793","115","33","40","385.7","1,352"
"","2018年度","","高知県","","3,214","2,437","1,551","887","156","493","92","15","21","455.3","706"
"","2018年度","","福岡県","","19,764","14,506","8,443","6,063","1,334","3,120","465","132","207","387.0","5,107"
"","2018年度","","佐賀県","","3,336","2,448","1,405","1,042","185","576","82","17","29","407.3","819"
"","2018年度","","長崎県","","5,682","4,202","2,554","1,648","321","929","149","20","61","423.7","1,341"
"","2018年度","","熊本県","","7,019","5,352","3,103","2,249","376","1,017","191","32","50","399.5","1,757"
"","2018年度","","大分県","","4,662","3,504","2,071","1,433","229","754","117","25","34","407.5","1,144"
"","2018年度","","宮崎県","","4,009","2,959","1,644","1,316","222","673","99","23","32","370.8","1,081"
"","2018年度","","鹿児島県","","6,791","5,178","3,122","2,057","333","987","198","32","62","420.8","1,614"
"","2018年度","","沖縄県","","4,697","3,538","2,130","1,408","267","726","108","27","31","324.4","1,448"
"","2017年度","","全国","","430,710","308,335","162,116","146,219","29,003","78,108","7,954","2,023","5,287","339.9","126,706"
"","2017年度","","北海道","","21,352","15,563","9,298","6,265","1,243","3,828","482","67","168","401.4","5,320"
"","2017年度","","青森県","","4,447","3,098","1,618","1,480","242","979","83","17","28","348.0","1,278"
"","2017年度","","岩手県","","4,156","2,879","1,525","1,354","265","887","85","14","26","331.2","1,255"
"","2017年度","","宮城県","","7,386","5,185","2,633","2,552","476","1,513","123","28","62","318.0","2,323"
"","2017年度","","秋田県","","3,695","2,534","1,431","1,103","220","835","74","7","26","371.0","996"
"","2017年度","","山形県","","3,833","2,755","1,481","1,274","230","734","75","12","27","347.8","1,102"
"","2017年度","","福島県","","6,277","4,440","2,312","2,128","371","1,276","116","16","58","333.6","1,882"
"","2017年度","","茨城県","","9,026","6,321","3,201","3,120","602","1,857","146","26","73","312.1","2,892"
"","2017年度","","栃木県","","6,092","4,454","2,158","2,297","386","1,062","103","17","69","311.3","1,957"
"","2017年度","","群馬県","","6,285","4,661","2,379","2,282","384","1,029","119","25","66","320.6","1,960"
"","2017年度","","埼玉県","","21,900","15,230","7,580","7,650","1,625","4,314","328","82","321","299.6","7,310"
"","2017年度","","千葉県","","18,628","12,993","6,577","6,415","1,386","3,670","284","66","230","298.2","6,246"
"","2017年度","","東京都","","42,931","29,452","14,378","15,074","3,356","8,542","617","231","734","312.8","13,724"
"","2017年度","","神奈川県","","27,584","18,844","9,287","9,557","2,081","5,762","378","118","401","301.2","9,159"
"","2017年度","","新潟県","","7,128","5,017","2,635","2,381","481","1,416","136","19","58","314.4","2,267"
"","2017年度","","富山県","","3,591","2,697","1,511","1,185","199","564","77","11","44","340.1","1,056"
"","2017年度","","石川県","","4,015","2,989","1,709","1,279","213","660","91","26","36","350.1","1,147"
"","2017年度","","福井県","","2,658","2,047","1,115","932","142","375","58","16","21","341.2","779"
"","2017年度","","山梨県","","2,785","1,959","1,043","916","175","555","53","11","32","338.4","823"
"","2017年度","","長野県","","6,775","4,840","2,586","2,254","408","1,309","117","24","77","326.3","2,076"
"","2017年度","","岐阜県","","6,685","4,791","2,342","2,448","482","1,183","107","36","85","332.9","2,008"
"","2017年度","","静岡県","","11,642","8,358","4,056","4,301","740","2,218","185","31","110","316.8","3,675"
"","2017年度","","愛知県","","23,039","16,460","7,698","8,762","1,834","3,958","332","164","290","306.2","7,525"
"","2017年度","","三重県","","5,956","4,362","2,175","2,187","378","1,029","107","30","49","330.9","1,800"
"","2017年度","","滋賀県","","4,348","3,115","1,672","1,443","274","820","76","20","44","307.7","1,413"
"","2017年度","","京都府","","9,200","6,769","3,598","3,172","596","1,461","168","45","160","354.0","2,599"
"","2017年度","","大阪府","","32,757","23,395","12,141","11,254","2,530","5,230","564","242","797","371.3","8,823"
"","2017年度","","兵庫県","","19,812","14,192","7,410","6,782","1,356","3,569","349","103","244","360.0","5,503"
"","2017年度","","奈良県","","4,745","3,570","1,814","1,757","314","690","83","29","58","352.0","1,348"
"","2017年度","","和歌山県","","3,634","2,703","1,379","1,324","221","545","71","29","65","384.5","945"
"","2017年度","","鳥取県","","2,002","1,467","837","630","118","356","42","9","9","354.3","565"
"","2017年度","","島根県","","2,617","1,917","1,106","810","136","485","58","12","10","382.1","685"
"","2017年度","","岡山県","","7,008","5,304","2,822","2,482","461","1,039","139","26","38","367.5","1,907"
"","2017年度","","広島県","","10,350","7,422","3,894","3,528","711","1,875","207","50","85","365.9","2,829"
"","2017年度","","山口県","","5,613","4,115","2,411","1,705","312","983","145","22","36","405.8","1,383"
"","2017年度","","徳島県","","3,036","2,292","1,260","1,033","184","438","75","16","30","408.6","743"
"","2017年度","","香川県","","3,734","2,704","1,433","1,271","241","670","74","15","30","386.2","967"
"","2017年度","","愛媛県","","5,202","3,925","2,098","1,827","287","803","116","30","41","381.4","1,364"
"","2017年度","","高知県","","3,207","2,414","1,520","894","153","513","92","12","22","449.2","714"
"","2017年度","","福岡県","","19,547","14,247","8,249","5,998","1,296","3,206","467","111","221","382.7","5,107"
"","2017年度","","佐賀県","","3,332","2,421","1,390","1,032","182","602","82","15","29","404.4","824"
"","2017年度","","長崎県","","5,685","4,175","2,522","1,653","313","966","151","19","62","419.9","1,354"
"","2017年度","","熊本県","","7,017","5,305","3,054","2,251","373","1,067","194","28","51","397.6","1,765"
"","2017年度","","大分県","","4,641","3,466","2,030","1,436","223","778","117","21","35","402.9","1,152"
"","2017年度","","宮崎県","","4,007","2,934","1,633","1,300","219","700","101","21","32","367.9","1,089"
"","2017年度","","鹿児島県","","6,730","5,095","3,048","2,047","327","1,017","199","29","63","413.9","1,626"
"","2017年度","","沖縄県","","4,619","3,458","2,065","1,394","257","741","109","22","31","320.1","1,443"
"","2016年度","","全国","","421,381","301,853","157,933","143,920","28,574","75,867","7,917","1,742","5,427","332.0","126,933"
"","2016年度","","北海道","","20,940","15,224","9,055","6,169","1,236","3,772","481","61","166","391.3","5,352"
"","2016年度","","青森県","","4,413","3,080","1,611","1,468","243","962","85","16","28","341.3","1,293"
"","2016年度","","岩手県","","4,073","2,839","1,500","1,339","266","845","85","12","25","321.2","1,268"
"","2016年度","","宮城県","","7,202","5,053","2,553","2,501","471","1,468","120","24","64","309.1","2,330"
"","2016年度","","秋田県","","3,678","2,526","1,425","1,101","216","829","75","6","26","364.1","1,010"
"","2016年度","","山形県","","3,764","2,702","1,442","1,260","229","720","75","10","28","338.2","1,113"
"","2016年度","","福島県","","6,208","4,391","2,275","2,116","370","1,256","116","15","60","326.5","1,901"
"","2016年度","","茨城県","","8,831","6,182","3,138","3,044","589","1,815","146","22","78","304.0","2,905"
"","2016年度","","栃木県","","5,980","4,382","2,093","2,289","379","1,031","103","15","69","304.2","1,966"
"","2016年度","","群馬県","","6,228","4,621","2,334","2,287","385","1,010","119","23","70","316.6","1,967"
"","2016年度","","埼玉県","","21,247","14,787","7,278","7,509","1,555","4,182","323","70","329","291.5","7,289"
"","2016年度","","千葉県","","18,305","12,722","6,311","6,410","1,374","3,634","280","56","239","293.5","6,236"
"","2016年度","","東京都","","41,457","28,507","14,009","14,499","3,180","8,200","615","198","756","304.3","13,624"
"","2016年度","","神奈川県","","27,172","18,459","9,006","9,453","2,147","5,685","375","100","405","297.1","9,145"
"","2016年度","","新潟県","","7,034","4,949","2,584","2,365","488","1,386","135","17","59","307.7","2,286"
"","2016年度","","富山県","","3,527","2,644","1,460","1,184","200","551","77","9","45","332.4","1,061"
"","2016年度","","石川県","","3,958","2,953","1,674","1,279","213","643","90","21","38","343.9","1,151"
"","2016年度","","福井県","","2,624","2,025","1,089","936","140","364","58","15","21","335.5","782"
"","2016年度","","山梨県","","2,730","1,920","1,008","912","168","547","53","10","32","328.9","830"
"","2016年度","","長野県","","6,710","4,808","2,578","2,230","409","1,274","118","23","77","321.4","2,088"
"","2016年度","","岐阜県","","6,581","4,725","2,287","2,439","472","1,155","108","31","89","325.5","2,022"
"","2016年度","","静岡県","","11,358","8,161","3,934","4,227","716","2,156","183","27","115","308.0","3,688"
"","2016年度","","愛知県","","22,466","16,104","7,519","8,585","1,788","3,803","330","137","305","299.3","7,507"
"","2016年度","","三重県","","5,756","4,215","2,093","2,123","378","982","105","26","50","318.4","1,808"
"","2016年度","","滋賀県","","4,227","3,043","1,644","1,399","268","779","76","18","43","299.2","1,413"
"","2016年度","","京都府","","8,939","6,602","3,503","3,099","565","1,403","167","39","162","343.1","2,605"
"","2016年度","","大阪府","","32,097","22,912","11,777","11,135","2,525","5,071","560","199","829","363.4","8,833"
"","2016年度","","兵庫県","","19,198","13,726","7,154","6,572","1,354","3,438","342","90","248","347.8","5,520"
"","2016年度","","奈良県","","4,619","3,479","1,741","1,738","305","669","81","25","61","340.7","1,356"
"","2016年度","","和歌山県","","3,572","2,679","1,343","1,336","211","520","70","26","66","374.5","954"
"","2016年度","","鳥取県","","1,985","1,459","839","619","116","350","43","7","9","348.2","570"
"","2016年度","","島根県","","2,590","1,903","1,089","814","137","471","58","11","11","375.4","690"
"","2016年度","","岡山県","","6,875","5,201","2,725","2,476","461","1,014","136","23","41","359.0","1,915"
"","2016年度","","広島県","","10,218","7,344","3,839","3,505","703","1,827","207","46","91","360.2","2,837"
"","2016年度","","山口県","","5,523","4,045","2,355","1,690","310","969","144","19","37","396.2","1,394"
"","2016年度","","徳島県","","2,959","2,237","1,222","1,015","183","419","75","14","32","394.6","750"
"","2016年度","","香川県","","3,644","2,644","1,388","1,256","239","644","74","12","32","374.9","972"
"","2016年度","","愛媛県","","5,157","3,915","2,079","1,836","282","775","117","28","40","375.0","1,375"
"","2016年度","","高知県","","3,174","2,389","1,494","895","154","505","93","10","22","440.2","721"
"","2016年度","","福岡県","","19,214","14,025","8,074","5,951","1,279","3,126","467","95","221","376.4","5,104"
"","2016年度","","佐賀県","","3,248","2,353","1,365","988","182","587","83","13","29","392.3","828"
"","2016年度","","長崎県","","5,607","4,134","2,492","1,642","305","937","152","16","63","410.2","1,367"
"","2016年度","","熊本県","","6,865","5,187","2,985","2,203","366","1,042","195","23","51","387.0","1,774"
"","2016年度","","大分県","","4,556","3,399","1,997","1,402","222","766","117","18","34","392.8","1,160"
"","2016年度","","宮崎県","","3,946","2,882","1,606","1,277","220","690","101","19","33","360.0","1,096"
"","2016年度","","鹿児島県","","6,622","5,021","3,011","2,010","319","988","202","27","65","404.5","1,637"
"","2016年度","","沖縄県","","4,306","3,296","1,957","1,339","251","605","105","18","32","299.2","1,439"
"","2015年度","","全国","","423,644","300,461","155,752","144,709","28,294","79,831","8,014","1,485","5,558","333.3","127,095"
"","2015年度","","北海道","","21,184","15,252","9,003","6,249","1,238","3,983","491","54","166","393.6","5,382"
"","2015年度","","青森県","","4,469","3,087","1,604","1,483","243","1,009","86","15","29","341.7","1,308"
"","2015年度","","岩手県","","4,145","2,849","1,488","1,362","271","901","87","10","26","323.8","1,280"
"","2015年度","","宮城県","","7,221","4,985","2,491","2,494","472","1,555","120","22","66","309.4","2,334"
"","2015年度","","秋田県","","3,751","2,532","1,412","1,120","217","893","76","6","27","366.6","1,023"
"","2015年度","","山形県","","3,821","2,717","1,442","1,275","230","761","76","9","29","340.0","1,124"
"","2015年度","","福島県","","6,335","4,427","2,295","2,132","373","1,341","120","13","59","331.0","1,914"
"","2015年度","","茨城県","","8,826","6,100","3,053","3,047","582","1,898","147","19","80","302.6","2,917"
"","2015年度","","栃木県","","6,008","4,374","2,062","2,312","374","1,071","104","13","71","304.3","1,974"
"","2015年度","","群馬県","","6,260","4,609","2,302","2,307","384","1,059","120","20","69","317.3","1,973"
"","2015年度","","埼玉県","","21,139","14,577","7,092","7,485","1,531","4,322","324","58","328","290.9","7,267"
"","2015年度","","千葉県","","18,118","12,472","6,128","6,344","1,365","3,708","279","48","247","291.1","6,223"
"","2015年度","","東京都","","41,433","28,170","13,764","14,406","3,146","8,556","620","168","773","306.6","13,515"
"","2015年度","","神奈川県","","27,186","18,198","8,816","9,381","2,119","5,995","377","84","413","297.9","9,126"
"","2015年度","","新潟県","","7,110","4,926","2,552","2,374","489","1,482","138","15","60","308.6","2,304"
"","2015年度","","富山県","","3,557","2,643","1,441","1,202","199","583","78","7","47","333.7","1,066"
"","2015年度","","石川県","","3,993","2,957","1,661","1,296","210","679","92","15","40","346.0","1,154"
"","2015年度","","福井県","","2,635","2,018","1,067","951","139","384","59","14","21","334.8","787"
"","2015年度","","山梨県","","2,772","1,932","998","934","167","578","53","8","34","332.0","835"
"","2015年度","","長野県","","6,756","4,782","2,536","2,246","405","1,352","118","21","78","321.9","2,099"
"","2015年度","","岐阜県","","6,668","4,746","2,263","2,482","465","1,230","108","26","92","328.1","2,032"
"","2015年度","","静岡県","","11,414","8,113","3,849","4,264","705","2,269","182","25","119","308.5","3,700"
"","2015年度","","愛知県","","22,468","16,005","7,371","8,633","1,759","3,939","332","112","321","300.3","7,483"
"","2015年度","","三重県","","5,794","4,205","2,057","2,148","372","1,039","106","21","51","319.1","1,816"
"","2015年度","","滋賀県","","4,222","3,007","1,602","1,404","265","816","77","16","42","298.8","1,413"
"","2015年度","","京都府","","8,994","6,587","3,454","3,133","559","1,482","169","34","164","344.6","2,610"
"","2015年度","","大阪府","","32,193","22,795","11,604","11,191","2,499","5,306","569","163","860","364.2","8,839"
"","2015年度","","兵庫県","","19,114","13,541","6,967","6,574","1,328","3,575","343","76","251","345.3","5,535"
"","2015年度","","奈良県","","4,637","3,466","1,716","1,751","300","705","81","22","63","340.0","1,364"
"","2015年度","","和歌山県","","3,607","2,670","1,317","1,353","211","565","71","22","67","374.2","964"
"","2015年度","","鳥取県","","2,000","1,453","826","627","117","371","43","7","9","349.1","573"
"","2015年度","","島根県","","2,628","1,916","1,083","833","134","498","59","10","11","378.7","694"
"","2015年度","","岡山県","","6,960","5,220","2,713","2,508","454","1,083","139","20","44","362.1","1,922"
"","2015年度","","広島県","","10,410","7,384","3,802","3,582","698","1,982","210","42","94","366.0","2,844"
"","2015年度","","山口県","","5,608","4,064","2,354","1,710","307","1,037","147","17","37","399.2","1,405"
"","2015年度","","徳島県","","2,968","2,229","1,197","1,032","182","436","76","13","32","392.5","756"
"","2015年度","","香川県","","3,727","2,678","1,394","1,284","235","695","75","11","33","381.8","976"
"","2015年度","","愛媛県","","5,202","3,925","2,056","1,869","278","817","118","25","39","375.6","1,385"
"","2015年度","","高知県","","3,233","2,427","1,497","929","154","525","95","9","23","444.0","728"
"","2015年度","","福岡県","","19,353","14,015","8,010","6,006","1,267","3,284","474","81","231","379.3","5,102"
"","2015年度","","佐賀県","","3,269","2,332","1,344","988","179","635","84","10","29","392.5","833"
"","2015年度","","長崎県","","5,661","4,132","2,475","1,656","302","995","154","15","64","411.1","1,377"
"","2015年度","","熊本県","","6,954","5,214","2,988","2,226","361","1,108","198","21","52","389.3","1,786"
"","2015年度","","大分県","","4,619","3,404","1,990","1,414","223","824","119","16","34","396.2","1,166"
"","2015年度","","宮崎県","","4,025","2,911","1,612","1,299","220","738","104","16","36","364.6","1,104"
"","2015年度","","鹿児島県","","6,705","5,045","3,000","2,045","317","1,046","205","24","68","406.9","1,648"
"","2015年度","","沖縄県","","4,495","3,370","2,003","1,367","248","719","111","15","32","313.5","1,434"
"","2014年度","","全国","","408,071","***","152,641","139,865","***","***","***","***","***","321.1","127,083"
"","2014年度","","北海道","","20,613","***","8,907","6,045","***","***","***","***","***","381.7","5,400"
"","2014年度","","青森県","","4,324","***","1,571","1,447","***","***","***","***","***","327.3","1,321"
"","2014年度","","岩手県","","4,069","***","1,495","1,321","***","***","***","***","***","316.9","1,284"
"","2014年度","","宮城県","","6,949","***","2,434","2,393","***","***","***","***","***","298.5","2,328"
"","2014年度","","秋田県","","3,688","***","1,408","1,106","***","***","***","***","***","355.6","1,037"
"","2014年度","","山形県","","3,712","***","1,405","1,259","***","***","***","***","***","328.2","1,131"
"","2014年度","","福島県","","6,185","***","2,279","2,081","***","***","***","***","***","319.6","1,935"
"","2014年度","","茨城県","","8,483","***","2,995","2,966","***","***","***","***","***","290.6","2,919"
"","2014年度","","栃木県","","5,807","***","2,037","2,226","***","***","***","***","***","293.3","1,980"
"","2014年度","","群馬県","","6,010","***","2,255","2,222","***","***","***","***","***","304.1","1,976"
"","2014年度","","埼玉県","","20,131","***","6,887","7,145","***","***","***","***","***","278.1","7,239"
"","2014年度","","千葉県","","17,333","***","5,926","6,122","***","***","***","***","***","279.7","6,197"
"","2014年度","","東京都","","39,679","***","13,426","13,787","***","***","***","***","***","296.3","13,390"
"","2014年度","","神奈川県","","25,989","***","8,589","9,026","***","***","***","***","***","285.7","9,096"
"","2014年度","","新潟県","","6,955","***","2,522","2,308","***","***","***","***","***","300.7","2,313"
"","2014年度","","富山県","","3,424","***","1,405","1,177","***","***","***","***","***","320.0","1,070"
"","2014年度","","石川県","","3,854","***","1,641","1,239","***","***","***","***","***","333.4","1,156"
"","2014年度","","福井県","","2,568","***","1,064","921","***","***","***","***","***","325.1","790"
"","2014年度","","山梨県","","2,649","***","974","893","***","***","***","***","***","315.0","841"
"","2014年度","","長野県","","6,532","***","2,509","2,198","***","***","***","***","***","309.7","2,109"
"","2014年度","","岐阜県","","6,386","***","2,190","2,385","***","***","***","***","***","312.9","2,041"
"","2014年度","","静岡県","","11,004","***","3,765","4,086","***","***","***","***","***","297.0","3,705"
"","2014年度","","愛知県","","21,569","***","7,186","8,292","***","***","***","***","***","289.3","7,455"
"","2014年度","","三重県","","5,590","***","2,007","2,096","***","***","***","***","***","306.3","1,825"
"","2014年度","","滋賀県","","4,084","***","1,583","1,364","***","***","***","***","***","288.4","1,416"
"","2014年度","","京都府","","8,612","***","3,380","3,032","***","***","***","***","***","330.0","2,610"
"","2014年度","","大阪府","","30,744","***","11,321","10,756","***","***","***","***","***","347.9","8,836"
"","2014年度","","兵庫県","","18,366","***","6,781","6,374","***","***","***","***","***","331.5","5,541"
"","2014年度","","奈良県","","4,456","***","1,664","1,687","***","***","***","***","***","323.9","1,376"
"","2014年度","","和歌山県","","3,467","***","1,293","1,349","***","***","***","***","***","357.1","971"
"","2014年度","","鳥取県","","1,945","***","816","618","***","***","***","***","***","338.8","574"
"","2014年度","","島根県","","2,548","***","1,066","808","***","***","***","***","***","365.6","697"
"","2014年度","","岡山県","","6,739","***","2,676","2,427","***","***","***","***","***","350.3","1,924"
"","2014年度","","広島県","","10,102","***","3,753","3,503","***","***","***","***","***","356.6","2,833"
"","2014年度","","山口県","","5,456","***","2,323","1,665","***","***","***","***","***","387.5","1,408"
"","2014年度","","徳島県","","2,896","***","1,184","1,013","***","***","***","***","***","379.1","764"
"","2014年度","","香川県","","3,596","***","1,372","1,253","***","***","***","***","***","366.6","981"
"","2014年度","","愛媛県","","5,044","***","2,026","1,856","***","***","***","***","***","361.6","1,395"
"","2014年度","","高知県","","3,112","***","1,450","889","***","***","***","***","***","421.7","738"
"","2014年度","","福岡県","","18,731","***","7,888","5,820","***","***","***","***","***","367.9","5,091"
"","2014年度","","佐賀県","","3,163","***","1,341","958","***","***","***","***","***","378.8","835"
"","2014年度","","長崎県","","5,497","***","2,430","1,621","***","***","***","***","***","396.6","1,386"
"","2014年度","","熊本県","","6,751","***","2,933","2,184","***","***","***","***","***","376.3","1,794"
"","2014年度","","大分県","","4,477","***","1,966","1,380","***","***","***","***","***","382.3","1,171"
"","2014年度","","宮崎県","","3,914","***","1,600","1,264","***","***","***","***","***","351.3","1,114"
"","2014年度","","鹿児島県","","6,515","***","2,956","1,980","***","***","***","***","***","390.6","1,668"
"","2014年度","","沖縄県","","4,353","***","1,961","1,322","***","***","***","***","***","306.3","1,421"
